<?xml version="1.0" encoding="UTF-8"?>
<project-private xmlns="http://www.netbeans.org/ns/project-private/1">
    <editor-bookmarks xmlns="http://www.netbeans.org/ns/editor-bookmarks/2" lastBookmarkId="0"/>
    <open-files xmlns="http://www.netbeans.org/ns/projectui-open-files/2">
        <group>
            <file>file:/home/hocvien/NetBeansProjects/Bai5TranNgocDan/src/bai5tranngocdan_for/ktSoNT.java</file>
            <file>file:/home/hocvien/NetBeansProjects/Bai5TranNgocDan/src/bai5tranngocdan_while/ktSoNT.java</file>
            <file>file:/home/hocvien/NetBeansProjects/Bai5TranNgocDan/src/bai5tranngocdan_for/doi2to10.java</file>
            <file>file:/home/hocvien/NetBeansProjects/Bai5TranNgocDan/src/bai5tranngocdan_while/tinhA.java</file>
            <file>file:/home/hocvien/NetBeansProjects/Bai5TranNgocDan/src/bai5tranngocdan_while/bangCuuChuong.java</file>
            <file>file:/home/hocvien/NetBeansProjects/Bai5TranNgocDan/src/bai5tranngocdan_while/doi10to2.java</file>
            <file>file:/home/hocvien/NetBeansProjects/Bai5TranNgocDan/src/bai5tranngocdan_for/tinhS.java</file>
            <file>file:/home/hocvien/NetBeansProjects/Bai5TranNgocDan/src/bai5tranngocdan_while/tinhGTBT.java</file>
            <file>file:/home/hocvien/NetBeansProjects/Bai5TranNgocDan/src/bai5tranngocdan_for/tinhGTBT.java</file>
            <file>file:/home/hocvien/NetBeansProjects/Bai5TranNgocDan/src/bai5tranngocdan_while/tinhGiaiThua.java</file>
            <file>file:/home/hocvien/NetBeansProjects/Bai5TranNgocDan/src/bai5tranngocdan_for/tinhA.java</file>
            <file>file:/home/hocvien/NetBeansProjects/Bai5TranNgocDan/src/bai5tranngocdan_while/tinhS.java</file>
            <file>file:/home/hocvien/NetBeansProjects/Bai5TranNgocDan/src/bai5tranngocdan_for/tinhGiaiThua.java</file>
            <file>file:/home/hocvien/NetBeansProjects/Bai5TranNgocDan/src/bai5tranngocdan_while/doi2to10.java</file>
            <file>file:/home/hocvien/NetBeansProjects/Bai5TranNgocDan/src/bai5tranngocdan_for/doi10to2.java</file>
            <file>file:/home/hocvien/NetBeansProjects/Bai5TranNgocDan/src/bai5tranngocdan_for/bangCuuChuong.java</file>
        </group>
    </open-files>
</project-private>
