<?xml version="1.0" encoding="UTF-8"?>
<project-private xmlns="http://www.netbeans.org/ns/project-private/1">
    <editor-bookmarks xmlns="http://www.netbeans.org/ns/editor-bookmarks/2" lastBookmarkId="0"/>
    <open-files xmlns="http://www.netbeans.org/ns/projectui-open-files/2">
        <group>
            <file>file:/home/hocvien/NetBeansProjects/Bai14TestSuiteTranNgocDan/test/Test_Suite/TestSuiteRunner_tinhGTBT.java</file>
            <file>file:/home/hocvien/NetBeansProjects/Bai14TestSuiteTranNgocDan/test/JUNIT/demSoChan.java</file>
            <file>file:/home/hocvien/NetBeansProjects/Bai14TestSuiteTranNgocDan/test/Test_Suite/TestSuiteRunner_timkiem.java</file>
            <file>file:/home/hocvien/NetBeansProjects/Bai14TestSuiteTranNgocDan/test/JUNIT/danhGiaBMI.java</file>
            <file>file:/home/hocvien/NetBeansProjects/Bai14TestSuiteTranNgocDan/test/Test_Suite/TestSuiteRunner_doiThapPhan_NhiPhan.java</file>
        </group>
    </open-files>
</project-private>
